Nr;Product;Price;Location;Quality
1;Shop on eBay;$20.00;;Brand New
2;E88 Pro WIFI FPV Quadcopter With Fordable HD 4K Wide Angle Dual Camera Drone RC;$30.98 to $43.47;from China;Brand New
3;E88 Drone RC Drones Pro 4K HD Camera WIFI FPV Quadcopter Foldable Bag Gifts New;$24.43 to $34.21;from China;Brand New
4;S107 mini foldable drone rc 4k fpv hd camera wifi fpv rc helicopter drone selfie;$26.34;from China;Brand New
5;Ukraine: embroidered aerorozvidka patch, unit specialised in use of drones.;$7.27;from France;
6;New ListingParrot Bebop Drone 2;$206.85;from Italy;Pre-Owned
7;DJI Mavic Mini 2 Camera Drone 12MP 4K Multicopter Quadrocopter Drone Easy;$457.35;from Germany;Brand New
8;DJI Mini 2 Drone Craft Body Only !!! Replacement for crash Excludes Battery;$339.00;from United States;Brand New
9;New ListingDrone dji mavic pro 2 zoom (like new) + 2 batteries + carry cases;$934.47;from France;Pre-Owned
10;Parrot Bebop 2 Camera with Frame Nose GPS Cap and Camera Frame Screws;$59.99;from United States;Pre-Owned
11;New pro gps drone wifi fpv 5g gyro double 4k camera-flight = 75min - 2km distance;$187.09;from France;Brand New
12;Brand new Genuine Part RC231 DJI Mavic Mini 2 Remote Controller Replacement Unit;$79.00;from United States;Brand New
13;New ListingRemote controlled drone r 'bird black master + supoort for gopro action cam video;$31.17;from France;Pre-Owned
14;New ListingDrone with 4K Camera Hd Wideangle Wifi Foldable Selfie Quadcopter RC Drone;$31.43 to $48.91;from China;Brand New
15;2-Pcs Flexible Gimbal Flat Camera PCB Ribbon Flex Cable For DJI Mavic Pro Drone;$10.90;from United States;Brand New
16;New ListingDrone 1080P Camera Wideangle Selfie Quadrocopter RC Drone Visual Posicionamento;$31.06 to $48.74;from China;Brand New
17;Altitude Hold WiFi FPV 4K HD Camera Obstacle Avoidance RC Quadcopter Drone;$25.39 to $32.05;from China;Brand New
18;"New ListingAutel Drone Evo Nano + Premium Orange CMOS 1/1.28"" 50 MP";$1,195.37;from Italy;Brand New
19;New ListingDJI Phantom 4 Standard With Original Box And Backpack Travel Case;$375.00;from United States;Pre-Owned
20;New ListingDJI Mavic 2 Pro Brand New Open Box;$1,499.00;from United States;Brand New
21;(Black)Drone Drones 50x Remote Control Dual Cameras For Playing;$37.35;from China;Brand New
22;KK1 Foldable WIFI FPV RC Drone Mini RC Selfie Quadcopter With Dual 4K HD Camera;$34.21 to $36.65;from China;Brand New
23;New ListingDrone DJI Mavic 2 Pro with Bag and Accessories;$1,029.06;from Italy;Pre-Owned
24;L106 Pro 3 GPS Drone with 4K Camera 3-Axis Gimbal Brushless RC Quadcopter Toys;$156.99 to $168.99;from China;Brand New
25;Eachine E58 RC Quadcopter WIFI FPV 1080P Wide Angle HD Camera Drone;$31.76 to $36.65;from China;Brand New
26;New ListingDrone parrot bebop 2-pack fpv;$197.50;from France;Pre-Owned
27;Dromo Drone Copter f58sic offer;$206.85;from Italy;Brand New
28;8K New Professional Obstacle Avoidance Dual HD Camera RC Distance 1200M Drone;$369.00 to $399.00;from China;Brand New
29;DJI Remote Controller S01A for Mavic Air Drone;$85.00;from China;Pre-Owned
30;4K Dual Camera Foldable RC Drone HJ7 R16 DH7 2.4G Remote Control Wheelbase 130mm;$26.90 to $34.18;from China;Brand New
31;Gear2play quadcopter RC Nano Spy DroneHD 7 cm schwarz;$36.79;from Netherlands;Brand New
32;Professional Camera Drone GPS Ultra 4K HD Dual Camera Follow Me Quadcopter FPV;$64.99 to $79.99;from China;Brand New
33;New ListingWLR/C 4K HD Camera FPV 2.4GHz 4CH Foldable RC Drone Quadcopter with Battery #JD;$28.12 to $38.00;from China;Brand New
34;RC Drone 5G WiFi FPV 4K HD Camera Induction Obstacle Avoidance Quadcopter A#S;$31.92 to $34.14;from China;Brand New
35;DJI spark Intelligent Fly battery original battery;$77.96 to $81.08;from Italy;Pre-Owned
36;YL/RC S105 5G 4CH GPS WiFi 4K Dual Camera RC Drone Quadcopter with Battery;$99.59 to $119.70;from China;Brand New
37;New ListingHoly Stone HS110G GPS FPV Drone with 1080p HD Live Video Camera;$90.00;from United States;Open Box
38;New Listingdji mavic mini intelligent flight 3 batteries with charger and dji  charger;$129.99;from United States;Open Box
39;New ListingYuneec ST16 Ground Station also comes with yuneec typhoon wizard GPS flight ;$100.00;from United States;Pre-Owned
40;D8 Drone Quadricottero Con Telecamera Telecomando Smartphone Wifi Wireless cir;$72.75;from Italy;Brand New
41;2022 Drone RC Drones 4K HD GPS WIFI One Button Take-off Quadcopter Foldable Gift;$66.10 to $78.03;from China;Brand New
42;L900 PRO GPS RC Drone 5G Quadcopter with 4K Camera Brushless Helicopters Toys;$95.24 to $110.39;from China;Brand New
43;Drone hd 4k dual camera wide angle 1080p wifi fpv (follower) quadrirotor drone;$72.65 to $83.04;from France;Brand New
44;2021 RC Drone 4k 6k HD Wide Angle Camera WIFI FPV Drone Dual Camera Quadcopter;$33.56 to $48.99;from China;Brand New
45;LSRC Z608 RC Drone 4K HD Camera 2.4G WiFi FPV Obstacle Avoidance Quadcopter A#S;$36.76 to $44.23;from China;Brand New
46;RC Drone 4K HD Dual Camera WiFi FPV Altitude Hold Foldable Quadcopter Toys;$30.61 to $35.10;from China;Brand New
47;Obstacle Avoidance Drone 5G Wifi 6K Camera Dual Camera RC EIS Quadcopter FPV GPS;$129.22 to $163.99;from China;Brand New
48;4DRC F9 RC Drone 6K HD Dual Camera 5G WiFi FPV Brushless Motor Quadcopter;$98.27 to $118.59;from China;Brand New
49;LS/RC XT1 Foldable RC Drone 4K HD Camera FPV Obstacle Avoidance Quadcopter A#S;$27.09 to $36.97;from China;Brand New
50;YL/RC S95 4K HD Single Camera Foldable WiFi RC Drone with Battery (Black) Hot;$35.92;from China;Brand New
51;WiFi IR Hj78 Drone 4k Profesional Camera Dual HD Holdable Quadcopter Toy Droner;$29.32 to $69.99;from China;Brand New
52;Original Parrot Anafi - Micro SD Card Connector OEM NEW YEAR LIQUUIDATION;$79.99;from United States;Refurbished
53;(1 Battery With Storage Box)Naroote Quadcopter 2.4G 4CH Foldable RC Drone;$35.16;from China;Brand New
54;#QZO V15 RC Mini Drone 1080P HD Wide Angle Quadcopter Kid Toys (6K Dual Camera);$41.67;from China;Brand New
55;Foldable Quadcopter Remote Control Drone XT6 Mini Drone HD Double Camera Drone;$46.28 to $74.20;from China;Brand New
56;GPS RC Drone 6K HD Camera Brushless Motor FPV 5G WiFi EIS Quadcopter Black;$115.35 to $146.79;from China;Brand New
57;YLR/C S90 Altitude Hold Foldable RC Drone Helicopter Kids Toys w/ 3 Battery;$34.00;from China;Brand New
58;4DRC V4 RC Drone 4K HD Wide Angle Camera WiFi FPV Altitude Hold Quadcopter A#S;$34.34 to $51.21;from China;Brand New
59;LS/RC XT1 Foldable RC Drone FPV Obstacle Avoidance Quadcopter with Battery #9M;$28.69;from China;Brand New
60;New ListingAircraft Quadrocopter Air Stability Height Drones UAV Airplanes RC Drone;$29.57 to $30.62;from China;Brand New
61;LS/RC XT1 Foldable RC Drone 4K HD Camera FPV Obstacle Avoidance Quadcopter;$27.43 to $37.52;from China;Brand New
62;LS/RC F185 Pro RC Drone 4K HD Camera WiFi FPV Altitude Hold Quadcopter A#S;$30.61 to $36.28;from China;Brand New
63;WLR/C E58 4K Single Camera WiFi Foldable RC Drone Quadcopter with 3 Battery #SF;$35.52;from China;Brand New
64;New Listing(3 Battery)Headless Mode Quadcopter Remote Control Drone 2.4G RC Quadcopter FPV;$53.32;from China;Brand New
65;Hd 4k wifi fpv aerial camera double 3 battery foldable selfie drone rc evitement;$62.14;from China;Brand New
66;Foldable WiFi FPV Drone 1080P HD Camera Mini Monopod Quadrocopter RC Drone DHL;$35.33;from Germany;Brand New
67;YLR/C S90 Altitude Hold Foldable RC Drone Helicopter Kids Toys with Battery Hot;$30.05;from China;Brand New
68;SG106 4K WiFi Optical Flow HD Camera High Hold RC Quadcopter Drone (Black) Hot;$74.66;from China;Brand New
69;Mini Four Axis Optical Flow positioning Dual Camera HD Aerial Photography Drone;$40.76;from China;Brand New
70;E58 FPV Drone HD Camera Selfie Wifi Foldable Wide-Angle RC Quadcopter Batteries;$42.31;from China;Brand New
71;UKETO 2.4GHz 4K Single Camera Folding RC Drone Quadcopter with 2 Battery-LED-L;$34.08;from China;Brand New
72;DJI Inspire 1 X5 Camera Gimbal - Gimbal connection to drone broken needs new chi;$257.93;from United Kingdom;Refurbished
73;RC Drone 4K Dual Camera FPV Altitude Hold Quadcopter with 3 Battery (Black) Hot;$36.40;from China;Brand New
74;New Listing2xBattery FIMI X8SE 2022 X8 SE 10km 4K 3-Axis Gimbal Camera Drone Storage bag;$649.00;from China;Brand New
75;Screwdriver Repair Tool For-DJI Mavic Pro Spark Phantom-Drone Accessories Duable;$12.55;from China;Brand New
76;Foldable WiFi FPV Drone with 4K HD Camera Selfie Quadrocopter RC Drone +2 Battery;$57.16;from Germany;Brand New
